chamber,name,yomi,party,district,img_url
衆議院,逢沢一郎,あいさわいちろう,自由民主党,岡山1,
衆議院,青木ひとみ,あおきひとみ,参政党,（比）北関東,
衆議院,青柳仁士,あおやぎひとし,日本維新の会,大阪14,
衆議院,青山繁晴,あおやましげはる,自由民主党,兵庫8,
衆議院,青山周平,あおやましゅうへい,自由民主党,愛知12,
衆議院,赤澤亮正,あかざわりょうせい,自由民主党,鳥取2,
衆議院,赤羽一嘉,あかばかずよし,中道改革連合,（比）近畿,
衆議院,あかま二郎,あかまじろう,自由民主党,神奈川14,
衆議院,秋葉賢也,あきばけんや,自由民主党,（比）東北,
衆議院,浅田眞澄美,あさだますみ,自由民主党,（比）九州,
衆議院,浅野哲,あさのさとし,国民民主党,茨城5,
衆議院,東国幹,あずまくによし,自由民主党,北海道6,
衆議院,東徹,あずまとおる,日本維新の会,大阪3,
衆議院,畦元将吾,あぜもとしょうご,自由民主党,東京6,
衆議院,麻生太郎,あそうたろう,自由民主党,福岡8,
衆議院,阿部圭史,あべけいし,日本維新の会,兵庫2,
衆議院,阿部司,あべつかさ,日本維新の会,（比）東京,
衆議院,あべ俊子,あべとしこ,自由民主党,（比）中国,
衆議院,阿部弘樹,あべひろき,自由民主党,（比）九州,
衆議院,有田芳生,ありたよしふ,中道改革連合,（比）東北,
衆議院,安藤たかお,あんどうたかお,自由民主党,東京28,
衆議院,飯泉嘉門,いいずみかもん,国民民主党,（比）四国,
衆議院,五十嵐清,いがらしきよし,自由民主党,栃木2,
衆議院,池下卓,いけしたたく,日本維新の会,大阪10,
衆議院,池畑浩太朗,いけはたこうたろう,日本維新の会,（比）近畿,
衆議院,伊佐進一,いさしんいち,中道改革連合,（比）近畿,
衆議院,石井啓一,いしいけいいち,無所属,（比）北関東,
衆議院,石井拓,いしいたく,自由民主党,愛知13,
衆議院,石川昭政,いしかわあきまさ,自由民主党,（比）北関東,
衆議院,石川勝,いしかわまさる,参政党,（比）近畿,
衆議院,石坂太,いしざかまさる,自由民主党,栃木4,
衆議院,石田真敏,いしだまさとし,自由民主党,（比）近畿,
衆議院,石破茂,いしばしげる,自由民主党,鳥取1,
衆議院,石橋林太郎,いしばしりんたろう,自由民主党,広島3,
衆議院,石原宏高,いしはらひろたか,自由民主党,東京3,
衆議院,石原正敬,いしはらまさたか,自由民主党,三重3,
衆議院,泉健太,いずみけんた,中道改革連合,京都3,
衆議院,一谷勇一郎,いちたにゆういちろう,日本維新の会,（比）近畿,
衆議院,市村浩一郎,いちむらこういちろう,日本維新の会,（比）近畿,
衆議院,井出庸生,いでようせい,自由民主党,長野3,
衆議院,井戸まさえ,いどまさえ,国民民主党,（比）東京,
衆議院,伊藤恵介,いとうけいすけ,参政党,（比）東海,
衆議院,伊藤聡,いとうさとし,自由民主党,（比）南関東,
衆議院,伊藤信太郎,いとうしんたろう,自由民主党,（比）東北,
衆議院,伊藤忠彦,いとうただひこ,自由民主党,愛知8,
衆議院,伊藤達也,いとうたつや,自由民主党,東京22,
衆議院,伊東信久,いとうのぶひさ,日本維新の会,（比）近畿,
衆議院,伊東良孝,いとうよしたか,自由民主党,（比）北海道,
衆議院,稲田朋美,いなだともみ,自由民主党,福井1,
衆議院,稲葉大輔,いなばだいすけ,自由民主党,静岡8,
衆議院,犬飼明佳,いぬかいあきよし,中道改革連合,（比）東海,
衆議院,井野俊郎,いのとしろう,自由民主党,群馬2,
衆議院,井上信治,いのうえしんじ,自由民主党,東京25,
衆議院,井上貴博,いのうえたかひろ,自由民主党,福岡1,
衆議院,井上英孝,いのうえひでたか,日本維新の会,大阪1,
衆議院,井林辰憲,いばやしたつのり,自由民主党,静岡2,
衆議院,井原巧,いはらたくみ,自由民主党,愛媛2,
衆議院,井原隆,いはらゆたか,自由民主党,埼玉5,
衆議院,今枝宗一郎,いまえだそういちろう,自由民主党,愛知14,
衆議院,今岡植,いまおかうえき,自由民主党,東京26,
衆議院,岩崎比菜,いわさきひな,自由民主党,（比）南関東,
衆議院,岩田和親,いわたかずちか,自由民主党,佐賀1,
衆議院,岩谷良平,いわたにりょうへい,日本維新の会,大阪13,
衆議院,岩屋毅,いわやたけし,自由民主党,大分3,
衆議院,上杉謙太郎,うえすぎけんたろう,自由民主党,福島3,
衆議院,上田英俊,うえだえいしゅん,自由民主党,富山2,
衆議院,上野賢一郎,うえのけんいちろう,自由民主党,滋賀2,
衆議院,上野宏史,うえのひろし,自由民主党,（比）九州,
衆議院,上原正裕,うえはらまさひろ,自由民主党,神奈川9,
衆議院,浮島智子,うきしまともこ,中道改革連合,（比）北海道,
衆議院,宇佐美登,うさみのぼる,みらいの風,（比）東京,
衆議院,臼木秀剛,うすきひでたけ,国民民主党,（比）北海道,
衆議院,内山こう,うちやまこう,自由民主党,新潟1,
衆議院,梅村聡,うめむらさとし,日本維新の会,大阪5,
衆議院,浦野靖人,うらのやすと,日本維新の会,大阪15,
衆議院,うるま譲司,うるまじょうじ,日本維新の会,大阪8,
衆議院,江渡聡徳,えとあきのり,自由民主党,（比）東北,
衆議院,江藤拓,えとうたく,自由民主党,（比）九州,
衆議院,衛藤博昭,えとうひろあき,自由民主党,大分1,
衆議院,英利アルフィヤ,えりあるふぃや,自由民主党,千葉5,
衆議院,遠藤敬,えんどうたかし,日本維新の会,大阪18,
衆議院,遠藤寛明,えんどうひろあき,自由民主党,山形1,
衆議院,大岡敏孝,おおおかとしたか,自由民主党,滋賀1,
衆議院,大串正樹,おおぐしまさき,自由民主党,兵庫6,
衆議院,大島敦,おおしまあつし,中道改革連合,（比）北関東,
衆議院,大空幸星,おおぞらこうき,自由民主党,東京15,
衆議院,大塚拓,おおつかたく,自由民主党,埼玉9,
衆議院,大西洋平,おおにしようへい,自由民主党,東京16,
衆議院,大野敬太郎,おおのけいたろう,自由民主党,香川3,
衆議院,大森江里子,おおもりえりこ,中道改革連合,（比）東京,
衆議院,緒方林太郎,おがたりんたろう,無所属,福岡9,
衆議院,岡野純子,おかのじゅんこ,国民民主党,（比）南関東,
衆議院,岡本三成,おかもとみつなり,中道改革連合,（比）東京,
衆議院,岡本康宏,おかもとやすひろ,自由民主党,愛知5,
衆議院,小川淳也,おがわじゅんや,中道改革連合,香川1,
衆議院,奥下剛光,おくしたたけみつ,日本維新の会,大阪7,
衆議院,尾崎正直,おざきまさなお,自由民主党,高知2,
衆議院,長田紘一郎,おさだこういちろう,自由民主党,（比）東海,
衆議院,小里泰弘,おざとやすひろ,自由民主党,（比）九州,
衆議院,小竹凱,おだけかい,国民民主党,（比）北陸信越,
衆議院,小田原潔,おだわらきよし,自由民主党,東京21,
衆議院,落合貴之,おちあいたかゆき,中道改革連合,（比）東京,
衆議院,鬼木誠,おにきまこと,自由民主党,福岡2,
衆議院,小野寺五典,おのでらいつのり,自由民主党,宮城5,
衆議院,尾花瑛仁,おばなあきひと,自由民主党,埼玉6,
衆議院,小渕優子,おぶちゆうこ,自由民主党,群馬5,
衆議院,尾身朝子,おみあさこ,自由民主党,（比）北関東,
衆議院,河西宏一,かさいこういち,中道改革連合,（比）東京,
衆議院,鹿嶋祐介,かしまゆうすけ,自由民主党,千葉4,
衆議院,梶山弘志,かじやまひろし,自由民主党,茨城4,
衆議院,柏倉祐司,かしわくらゆうじ,日本維新の会,（比）北関東,
衆議院,勝俣孝明,かつまたたかあき,自由民主党,静岡6,
衆議院,勝目康,かつめやすし,自由民主党,京都1,
衆議院,門寛子,かどひろこ,自由民主党,東京8,
衆議院,加藤鮎子,かとうあゆこ,自由民主党,山形3,
衆議院,加藤勝信,かとうかつのぶ,自由民主党,岡山3,
衆議院,加藤貴弘,かとうたかひろ,自由民主党,北海道1,
衆議院,加藤大博,かとうともひろ,自由民主党,岐阜4,
衆議院,加藤竜祥,かとうりゅうしょう,自由民主党,長崎2,
衆議院,門山宏哲,かどやまひろあき,自由民主党,千葉1,
衆議院,金澤結衣,かなざわゆい,自由民主党,神奈川20,
衆議院,金子恵美,かねこえみ,中道改革連合,（比）東北,
衆議院,金子恭之,かねこやすし,自由民主党,熊本4,
衆議院,金子容三,かねこようぞう,自由民主党,長崎3,
衆議院,金村龍那,かねむらりゅうな,日本維新の会,（比）南関東,
衆議院,上川陽子,かみかわようこ,自由民主党,静岡1,
衆議院,神谷裕,かみやひろし,中道改革連合,北海道10,
衆議院,川裕一郎,かわゆういちろう,参政党,（比）北陸信越,
衆議院,河井昭成,かわいあきなり,国民民主党,（比）近畿,
衆議院,河合道雄,かわいみちお,みらいの風,（比）南関東,
衆議院,川崎ひでと,かわさきひでと,自由民主党,三重2,
衆議院,河野正美,かわのまさみ,自由民主党,（比）九州,
衆議院,河野義博,かわのよしひろ,中道改革連合,（比）九州,
衆議院,川松真一朗,かわまつしんいちろう,自由民主党,東京23,
衆議院,河村たかし,かわむらたかし,無所属,愛知1,
衆議院,菅家一郎,かんけいちろう,自由民主党,（比）東北,
衆議院,神田潤一,かんだじゅんいち,自由民主党,青森2,
衆議院,城内実,きうちみのる,自由民主党,静岡7,
衆議院,黄川田仁志,きかわだひとし,自由民主党,埼玉3,
衆議院,菊田真紀子,きくたまきこ,中道改革連合,（比）北陸信越,
衆議院,岸信千世,きしのぶちよ,自由民主党,山口2,
衆議院,岸田文雄,きしだふみお,自由民主党,広島1,
衆議院,喜多義典,きたよしのり,日本維新の会,（比）中国,
衆議院,北神圭朗,きたがみけいろう,自由民主党,京都4,
衆議院,木下敏之,きのしたとしゆき,参政党,（比）九州,
衆議院,木原誠二,きはらせいじ,自由民主党,東京20,
衆議院,木原稔,きはらみのる,自由民主党,熊本1,
衆議院,木村次郎,きむらじろう,自由民主党,青森3,
衆議院,金城泰邦,きんじょうやすくに,中道改革連合,（比）九州,
衆議院,草間剛,くさまつよし,自由民主党,神奈川19,
衆議院,工藤彰三,くどうしょうぞう,自由民主党,愛知4,
衆議院,工藤聖子,くどうせいこ,参政党,（比）南関東,
衆議院,国定勇人,くにさだいさと,自由民主党,新潟2,
衆議院,國重徹,くにしげとおる,中道改革連合,（比）近畿,
衆議院,国光あやの,くにみつあやの,自由民主党,茨城6,
衆議院,熊田裕通,くまだひろみち,自由民主党,（比）東海,
衆議院,栗原渉,くりはらわたる,自由民主党,福岡5,
衆議院,黒崎祐一,くろさきゆういち,自由民主党,東京27,
衆議院,黒田征樹,くろだまさき,日本維新の会,大阪16,
衆議院,小池正昭,こいけまさあき,自由民主党,千葉10,
衆議院,小泉進次郎,こいずみしんじろう,自由民主党,神奈川11,
衆議院,小泉龍司,こいずみりゅうじ,自由民主党,埼玉11,
衆議院,河野太郎,こうのたろう,自由民主党,神奈川15,
衆議院,高村正大,こうむらまさひろ,自由民主党,山口1,
衆議院,こうらい啓一郎,こうらいけいいちろう,自由民主党,（比）近畿,
衆議院,古賀篤,こがあつし,自由民主党,福岡3,
衆議院,國場幸之助,こくばこうのすけ,自由民主党,沖縄1,
衆議院,輿水恵一,こしみずけいいち,中道改革連合,（比）北関東,
衆議院,小寺裕雄,こてらひろお,自由民主党,（比）近畿,
衆議院,後藤茂之,ごとうしげゆき,自由民主党,長野4,
衆議院,後藤祐一,ごとうゆういち,中道改革連合,（比）南関東,
衆議院,許斐亮太郎,このみりょうたろう,国民民主党,（比）九州,
衆議院,小林茂樹,こばやししげき,自由民主党,奈良1,
衆議院,小林修平,こばやししゅうへい,みらいの風,（比）南関東,
衆議院,小林鷹之,こばやしたかゆき,自由民主党,千葉2,
衆議院,小林史明,こばやしふみあき,自由民主党,広島6,
衆議院,小森卓郎,こもりたくお,自由民主党,石川1,
衆議院,今洋佑,こんようすけ,自由民主党,（比）北陸信越,
衆議院,近藤和也,こんどうかずや,中道改革連合,（比）北陸信越,
衆議院,近藤雅彦,こんどうまさひこ,国民民主党,（比）九州,
衆議院,斉木武志,さいきたけし,自由民主党,福井2,
衆議院,西條昌良,さいじょうまさよし,自由民主党,（比）北関東,
衆議院,斎藤アレックス,さいとうあれっくす,日本維新の会,（比）近畿,
衆議院,齋藤健,さいとうけん,自由民主党,千葉7,
衆議院,斉藤鉄夫,さいとうてつお,中道改革連合,（比）中国,
衆議院,斎藤洋明,さいとうひろあき,自由民主党,新潟3,
衆議院,斉藤りえ,さいとうりえ,自由民主党,（比）東海,
衆議院,坂井学,さかいまなぶ,自由民主党,神奈川5,
衆議院,坂本哲志,さかもとてつし,自由民主党,熊本3,
衆議院,坂本竜太郎,さかもとりゅうたろう,自由民主党,福島4,
衆議院,笹川博義,ささがわひろよし,自由民主党,群馬3,
衆議院,佐々木紀,ささきはじめ,自由民主党,石川2,
衆議院,佐々木真琴,ささきまこと,国民民主党,（比）東北,
衆議院,佐藤英道,さとうひでみち,中道改革連合,（比）北海道,
衆議院,佐藤主迪,さとうまさし,自由民主党,神奈川16,
衆議院,塩川鉄也,しおかわてつや,日本共産党,（比）北関東,
衆議院,塩崎彰久,しおざきあきひさ,自由民主党,愛媛1,
衆議院,重徳和彦,しげとくかずひこ,中道改革連合,（比）東海,
衆議院,繁本護,しげもとまもる,自由民主党,（比）近畿,
衆議院,階猛,しなたけし,中道改革連合,岩手1,
衆議院,柴山昌彦,しばやままさひこ,自由民主党,埼玉8,
衆議院,島尻安伊子,しまじりあいこ,自由民主党,沖縄3,
衆議院,島田智明,しまだともあき,自由民主党,（比）近畿,
衆議院,島村かおる,しまむらかおる,参政党,（比）中国,
衆議院,下村博文,しもむらはくぶん,自由民主党,東京11,
衆議院,庄子賢一,しょうじけんいち,中道改革連合,（比）東北,
衆議院,白坂亜紀,しらさかあき,自由民主党,（比）九州,
衆議院,新谷正義,しんたにまさよし,自由民主党,広島4,
衆議院,新藤義孝,しんどうよしたか,自由民主党,埼玉2,
衆議院,菅原一秀,すがわらいっしゅう,自由民主党,東京9,
衆議院,鈴木英敬,すずきえいけい,自由民主党,三重4,
衆議院,鈴木馨祐,すずきけいすけ,自由民主党,神奈川7,
衆議院,鈴木俊一,すずきしゅんいち,自由民主党,岩手2,
衆議院,鈴木淳司,すずきじゅんじ,自由民主党,（比）東海,
衆議院,鈴木貴子,すずきたかこ,自由民主党,北海道7,
衆議院,鈴木拓海,すずきたくみ,自由民主党,（比）北関東,
衆議院,鈴木憲和,すずきのりかず,自由民主党,山形2,
衆議院,鈴木隼人,すずきはやと,自由民主党,東京10,
衆議院,鈴木美香,すずきみか,参政党,（比）東京,
衆議院,鈴木義弘,すずきよしひろ,国民民主党,（比）北関東,
衆議院,須田英太郎,すだえいたろう,みらいの風,（比）東海,
衆議院,住吉寛紀,すみよしひろき,日本維新の会,（比）近畿,
衆議院,関健一郎,せきけんいちろう,日本維新の会,（比）東海,
衆議院,関芳弘,せきよしひろ,自由民主党,兵庫3,
衆議院,世古万美子,せこまみこ,自由民主党,（比）東海,
衆議院,世耕弘成,せこうひろしげ,自由民主党,和歌山2,
衆議院,瀬戸隆一,せとたかかず,自由民主党,（比）四国,
衆議院,園崎弘道,そのさきひろみち,自由民主党,京都6,
衆議院,平将明,たいらまさあき,自由民主党,東京4,
衆議院,高市早苗,たかいちさなえ,自由民主党,奈良2,
衆議院,高階恵美子,たかがいえみこ,自由民主党,島根1,
衆議院,高木啓,たかぎけい,自由民主党,東京12,
衆議院,高木宏壽,たかぎひろひさ,自由民主党,北海道3,
衆議院,高沢一基,たかざわかずもと,国民民主党,（比）東京,
衆議院,高鳥修一,たかとりしゅういち,自由民主党,新潟5,
衆議院,高橋祐介,たかはしゆうすけ,自由民主党,北海道2,
衆議院,高見康裕,たかみやすひろ,自由民主党,島根2,
衆議院,高見亮,たかみりょう,日本維新の会,大阪2,
衆議院,高山聡史,たかやまさとし,みらいの風,（比）東京,
衆議院,武井俊輔,たけいしゅんすけ,自由民主党,（比）九州,
衆議院,武田良太,たけだりょうた,自由民主党,福岡11,
衆議院,武部新,たけべあらた,自由民主党,北海道12,
衆議院,武村展英,たけむらのぶひで,自由民主党,滋賀3,
衆議院,田嶋要,たじまかなめ,中道改革連合,（比）南関東,
衆議院,橘慶一郎,たちばなけいいちろう,自由民主党,富山3,
衆議院,辰巳孝太郎,たつみこうたろう,日本共産党,（比）近畿,
衆議院,田所嘉徳,たどころよしのり,自由民主党,茨城1,
衆議院,田中和徳,たなかかずのり,自由民主党,神奈川10,
衆議院,田中健,たなかけん,国民民主党,（比）東海,
衆議院,田中昌史,たなかまさし,自由民主党,（比）東京,
衆議院,田中良生,たなかりょうせい,自由民主党,埼玉15,
衆議院,棚橋泰文,たなはしやすふみ,自由民主党,岐阜2,
衆議院,谷公一,たにこういち,自由民主党,兵庫5,
衆議院,谷浩一郎,たにこういちろう,参政党,（比）近畿,
衆議院,谷川とむ,たにがわとむ,自由民主党,大阪19,
衆議院,田野瀬太道,たのせたいどう,自由民主党,奈良3,
衆議院,田畑裕明,たばたひろあき,自由民主党,（比）北陸信越,
衆議院,玉木雄一郎,たまきゆういちろう,国民民主党,香川2,
衆議院,田宮寿人,たみやひさと,自由民主党,千葉9,
衆議院,田村智子,たむらともこ,日本共産党,（比）東京,
衆議院,田村憲久,たむらのりひさ,自由民主党,三重1,
衆議院,俵田祐児,たわらだゆうじ,自由民主党,（比）中国,
衆議院,丹野みどり,たんのみどり,国民民主党,愛知11,
衆議院,辻清人,つじきよと,自由民主党,東京2,
衆議院,辻秀樹,つじひでき,自由民主党,（比）東海,
衆議院,辻由布子,つじゆうこ,自由民主党,（比）東京,
衆議院,津島淳,つしまじゅん,自由民主党,青森1,
衆議院,土田慎,つちだしん,自由民主党,東京13,
衆議院,土屋品子,つちやしなこ,自由民主党,埼玉16,
衆議院,角田秀穂,つのだひでお,中道改革連合,（比）南関東,
衆議院,寺田稔,てらだみのる,自由民主党,（比）中国,
衆議院,土井亨,どいとおる,自由民主党,宮城1,
衆議院,渡海紀三朗,とかいきさぶろう,自由民主党,兵庫10,
衆議院,冨樫博之,とがしひろゆき,自由民主党,秋田1,
衆議院,とかしきなおみ,とかしきなおみ,自由民主党,（比）近畿,
衆議院,土橋章宏,どばしあきひろ,みらいの風,（比）東京,
衆議院,豊田真由子,とよたまゆこ,参政党,（比）北関東,
衆議院,永岡桂子,ながおかけいこ,自由民主党,（比）北関東,
衆議院,中川こういち,なかがわこういち,自由民主党,北海道11,
衆議院,中川貴元,なかがわたかもと,自由民主党,（比）東海,
衆議院,中川宏昌,なかがわひろまさ,中道改革連合,（比）北陸信越,
衆議院,中川康洋,なかがわやすひろ,中道改革連合,（比）東海,
衆議院,長坂康正,ながさかやすまさ,自由民主党,愛知9,
衆議院,長澤興祐,ながさわこうすけ,自由民主党,東京29,
衆議院,長島昭久,ながしまあきひさ,自由民主党,東京30,
衆議院,中曽根康隆,なかそねやすたか,自由民主党,群馬1,
衆議院,中田宏,なかだひろし,自由民主党,富山1,
衆議院,永田磨梨奈,ながたまりな,自由民主党,神奈川4,
衆議院,中谷元,なかたにげん,自由民主党,高知1,
衆議院,中谷真一,なかたにしんいち,自由民主党,山梨1,
衆議院,中司宏,なかつかひろし,日本維新の会,大阪11,
衆議院,長妻昭,ながつまあきら,中道改革連合,（比）東京,
衆議院,長友慎治,ながともしんじ,国民民主党,宮崎2,
衆議院,中西健治,なかにしけんじ,自由民主党,神奈川3,
衆議院,中根一幸,なかねかずゆき,自由民主党,（比）北関東,
衆議院,中野英幸,なかのひでゆき,自由民主党,埼玉7,
衆議院,中野洋昌,なかのひろまさ,中道改革連合,（比）近畿,
衆議院,長野春信,ながのはるのぶ,自由民主党,（比）南関東,
衆議院,中村はやと,なかむらはやと,無所属,茨城7,
衆議院,中村裕之,なかむらひろゆき,自由民主党,北海道4,
衆議院,なかやめぐ,なかやめぐ,参政党,（比）南関東,
衆議院,中山展宏,なかやまのりひろ,自由民主党,（比）四国,
衆議院,中山泰秀,なかやまやすひで,自由民主党,（比）近畿,
衆議院,鍋島勢理,なべしませり,国民民主党,（比）中国,
衆議院,仁木博文,にきひろぶみ,自由民主党,徳島1,
衆議院,西岡秀子,にしおかひでこ,国民民主党,長崎1,
衆議院,西岡義高,にしおかよしたか,国民民主党,（比）南関東,
衆議院,西園勝秀,にしぞのかつひで,中道改革連合,（比）東海,
衆議院,西田薫,にしだかおる,日本維新の会,大阪6,
衆議院,西田昭二,にしだしょうじ,自由民主党,石川3,
衆議院,西野太亮,にしのだいすけ,自由民主党,熊本2,
衆議院,西村明宏,にしむらあきひろ,自由民主党,宮城3,
衆議院,西村智奈美,にしむらちなみ,中道改革連合,（比）北陸信越,
衆議院,西村康稔,にしむらやすとし,自由民主党,兵庫9,
衆議院,西銘恒三郎,にしめこうさぶろう,自由民主党,沖縄4,
衆議院,西山尚利,にしやまなおとし,自由民主党,福島1,
衆議院,新田章文,にったしょうぶん,自由民主党,神奈川2,
衆議院,丹羽秀樹,にわひでき,自由民主党,愛知6,
衆議院,額賀福志郎,ぬかがふくしろう,自由民主党,茨城2,
衆議院,沼崎満子,ぬまざきみつこ,中道改革連合,（比）南関東,
衆議院,根本拓,ねもとたく,自由民主党,福島2,
衆議院,根本幸典,ねもとゆきのり,自由民主党,愛知15,
衆議院,野田聖子,のだせいこ,自由民主党,岐阜1,
衆議院,野田佳彦,のだよしひこ,中道改革連合,千葉14,
衆議院,野中厚,のなかあつし,自由民主党,埼玉12,
衆議院,野間健,のまたけし,中道改革連合,鹿児島3,
衆議院,野村美穂,のむらみほ,国民民主党,（比）東海,
衆議院,萩生田光一,はぎうだこういち,自由民主党,東京24,
衆議院,萩原佳,はぎはらけい,日本維新の会,大阪9,
衆議院,橋本岳,はしもとがく,自由民主党,岡山4,
衆議院,橋本幹彦,はしもとみきひこ,国民民主党,（比）北関東,
衆議院,長谷川淳二,はせがわじゅんじ,自由民主党,愛媛3,
衆議院,畑野枝,はたのきみえ,日本共産党,（比）南関東,
衆議院,鳩山二郎,はとやまじろう,自由民主党,福岡6,
衆議院,葉梨康弘,はなしやすひろ,自由民主党,茨城3,
衆議院,馬場伸幸,ばばのぶゆき,日本維新の会,大阪17,
衆議院,浜田靖一,はまだやすかず,自由民主党,千葉12,
衆議院,浜地雅一,はまちまさかず,中道改革連合,（比）九州,
衆議院,林拓海,はやしたくみ,みらいの風,（比）東北,
衆議院,林芳正,はやしよしまさ,自由民主党,山口3,
衆議院,原田直樹,はらだなおき,中道改革連合,（比）南関東,
衆議院,原山大亮,はらやまだいすけ,日本維新の会,（比）近畿,
衆議院,東田淳平,ひがしだじゅんぺい,自由民主党,（比）近畿,
衆議院,日野紗里亜,ひのさりあ,国民民主党,愛知7,
衆議院,平井卓也,ひらいたくや,自由民主党,（比）四国,
衆議院,平口洋,ひらぐちひろし,自由民主党,広島2,
衆議院,平沢勝栄,ひらさわかつえい,自由民主党,東京17,
衆議院,平沼正二郎,ひらぬましょうじろう,自由民主党,（比）中国,
衆議院,平林晃,ひらばやしあきら,中道改革連合,（比）中国,
衆議院,広瀬建,ひろせけん,自由民主党,大分2,
衆議院,深作ヘスス,ふかさくへすす,国民民主党,（比）南関東,
衆議院,深澤陽一,ふかざわよういち,自由民主党,静岡4,
衆議院,福重隆浩,ふくしげたかひろ,中道改革連合,（比）北関東,
衆議院,福田徹,ふくたとおる,国民民主党,（比）東海,
衆議院,福田かおる,ふくだかおる,自由民主党,東京18,
衆議院,福田達夫,ふくだたつお,自由民主党,群馬4,
衆議院,福原淳嗣,ふくはらじゅんじ,自由民主党,秋田2,
衆議院,藤井比早之,ふじいひさゆき,自由民主党,兵庫4,
衆議院,藤沢忠盛,ふじさわただもり,自由民主党,（比）東海,
衆議院,藤田ひかる,ふじたひかる,自由民主党,長野2,
衆議院,藤田文武,ふじたふみたけ,日本維新の会,大阪12,
衆議院,藤田誠,ふじたまこと,自由民主党,埼玉14,
衆議院,藤田洋司,ふじたようじ,自由民主党,（比）近畿,
衆議院,藤丸敏,ふじまるさとし,自由民主党,福岡7,
衆議院,藤原崇,ふじわらたかし,自由民主党,岩手3,
衆議院,文月涼,ふづきりょう,自由民主党,（比）南関東,
衆議院,船田元,ふなだはじめ,自由民主党,栃木1,
衆議院,古井康介,ふるいこうすけ,自由民主党,（比）北陸信越,
衆議院,古川あおい,ふるかわあおい,みらいの風,（比）九州,
衆議院,古川直季,ふるかわなおき,自由民主党,神奈川6,
衆議院,古川元久,ふるかわもとひさ,国民民主党,愛知2,
衆議院,古川康,ふるかわやすし,自由民主党,佐賀2,
衆議院,古川禎久,ふるかわよしひさ,自由民主党,宮崎3,
衆議院,古屋圭司,ふるやけいじ,自由民主党,岐阜5,
衆議院,穂坂泰,ほさかやすし,自由民主党,埼玉4,
衆議院,星野剛士,ほしのつよし,自由民主党,神奈川12,
衆議院,細田健一,ほそだけんいち,自由民主党,（比）東海,
衆議院,細野豪志,ほそのごうし,自由民主党,静岡5,
衆議院,堀内詔子,ほりうちのりこ,自由民主党,山梨2,
衆議院,本田太郎,ほんだたろう,自由民主党,京都5,
衆議院,前川恵,まえかわめぐみ,自由民主党,（比）北関東,
衆議院,前原誠司,まえはらせいじ,日本維新の会,京都2,
衆議院,牧島かれん,まきしまかれん,自由民主党,神奈川17,
衆議院,牧野俊一,まきのしゅんいち,参政党,（比）九州,
衆議院,松下英樹,まつしたひでき,自由民主党,北海道9,
衆議院,松島みどり,まつしまみどり,自由民主党,東京14,
衆議院,松野博一,まつのひろかず,自由民主党,千葉3,
衆議院,松本泉,まつもといずみ,自由民主党,千葉8,
衆議院,松本尚,まつもとひさし,自由民主党,千葉13,
衆議院,松本洋平,まつもとようへい,自由民主党,東京19,
衆議院,丸尾なつ子,まるおなつこ,自由民主党,神奈川1,
衆議院,丸川珠代,まるかわたまよ,自由民主党,東京7,
衆議院,丸田康一郎,まるたこういちろう,自由民主党,神奈川13,
衆議院,三木圭恵,みきけえ,日本維新の会,（比）近畿,
衆議院,水野よしひこ,みずのよしひこ,自由民主党,愛知3,
衆議院,三反園訓,みたぞのさとし,自由民主党,鹿児島2,
衆議院,三谷英弘,みたにひでひろ,自由民主党,神奈川8,
衆議院,三ッ林裕巳,みつばやしひろみ,自由民主党,埼玉13,
衆議院,峰島侑也,みねしまゆうや,みらいの風,（比）東京,
衆議院,美延映夫,みのべてるお,日本維新の会,大阪4,
衆議院,御法川信英,みのりかわのぶひで,自由民主党,（比）東北,
衆議院,三原朝利,みはらあさと,自由民主党,（比）九州,
衆議院,宮内秀樹,みやうちひでき,自由民主党,福岡4,
衆議院,宮崎政久,みやざきまさひさ,自由民主党,沖縄2,
衆議院,宮路拓馬,みやじたくま,自由民主党,鹿児島1,
衆議院,宮下一郎,みやしたいちろう,自由民主党,長野5,
衆議院,向山淳,むこうやまじゅん,自由民主党,北海道8,
衆議院,向山好一,むこやまこういち,国民民主党,（比）近畿,
衆議院,武藤かず子,むとうかずこ,みらいの風,（比）北関東,
衆議院,武藤容治,むとうようじ,自由民主党,岐阜3,
衆議院,宗清皇一,むねきよこういち,自由民主党,（比）近畿,
衆議院,村井英樹,むらいひでき,自由民主党,埼玉1,
衆議院,村岡敏英,むらおかとしひで,国民民主党,秋田3,
衆議院,村上誠一郎,むらかみせいいちろう,自由民主党,（比）四国,
衆議院,村上智信,むらかみとものぶ,日本維新の会,（比）九州,
衆議院,村木汀,むらきなぎさ,自由民主党,（比）北海道,
衆議院,茂木敏充,もてぎとしみつ,自由民主党,栃木5,
衆議院,森英介,もりえいすけ,無所属,千葉11,
衆議院,森ようすけ,もりようすけ,国民民主党,（比）東京,
衆議院,森下千里,もりしたちさと,自由民主党,宮城4,
衆議院,森原紀代子,もりはらきよこ,自由民主党,（比）東京,
衆議院,森山裕,もりやまひろし,自由民主党,鹿児島4,
衆議院,盛山正仁,もりやままさひと,自由民主党,兵庫1,
衆議院,保岡宏武,やすおかひろたけ,自由民主党,（比）九州,
衆議院,簗和生,やなかずお,自由民主党,（比）北関東,
衆議院,山岡達丸,やまおかたつまる,中道改革連合,（比）北海道,
衆議院,山際大志郎,やまぎわだいしろう,自由民主党,神奈川18,
衆議院,山口俊一,やまぐちしゅんいち,自由民主党,徳島2,
衆議院,山口晋,やまぐちすすむ,自由民主党,埼玉10,
衆議院,山口壯,やまぐちつよし,自由民主党,兵庫12,
衆議院,山崎正恭,やまさきまさやす,中道改革連合,（比）四国,
衆議院,山下史守朗,やましたしずお,自由民主党,愛知16,
衆議院,山下貴司,やましたたかし,自由民主党,岡山2,
衆議院,山田瑛理,やまだえり,みらいの風,（比）南関東,
衆議院,山田賢司,やまだけんじ,自由民主党,兵庫7,
衆議院,山田美樹,やまだみき,自由民主党,東京1,
衆議院,山田基靖,やまだもとやす,自由民主党,兵庫11,
衆議院,山本香苗,やまもとかなえ,中道改革連合,（比）近畿,
衆議院,山本左近,やまもとさこん,自由民主党,（比）東海,
衆議院,山本ジョージ,やまもとじょーじ,無所属,（比）南関東,
衆議院,山本深,やまもとしん,自由民主党,広島5,
衆議院,山本大地,やまもとだいち,自由民主党,和歌山1,
衆議院,山本裕三,やまもとゆうぞう,自由民主党,静岡3,
衆議院,横田光弘,よこたみつひろ,日本維新の会,（比）南関東,
衆議院,吉川里奈,よしかわりな,参政党,（比）東京,
衆議院,吉田真次,よしだしんじ,自由民主党,（比）中国,
衆議院,吉田宣弘,よしだのぶひろ,中道改革連合,（比）九州,
衆議院,吉田有理,よしだゆうり,自由民主党,（比）北海道,
衆議院,吉村悠,よしむらはるか,自由民主党,福岡10,
衆議院,米内紘正,よないひろまさ,自由民主党,（比）東北,
衆議院,笠浩史,りゅうひろふみ,中道改革連合,（比）南関東,
衆議院,若狹清史,わかさきよし,日本維新の会,（比）北陸信越,
衆議院,若林健太,わかばやしけんた,自由民主党,長野1,
衆議院,若宮健嗣,わかみやけんじ,自由民主党,東京5,
衆議院,若山慎司,わかやましんじ,自由民主党,愛知10,
衆議院,鷲尾英一郎,わしおえいいちろう,自由民主党,新潟4,
衆議院,早稲田ゆき,わせだゆき,中道改革連合,（比）南関東,
衆議院,和田政宗,わだまさむね,参政党,（比）東北,
衆議院,和田義明,わだよしあき,自由民主党,北海道5,
衆議院,渡辺藍理,わたなべあいり,参政党,（比）東海,
衆議院,渡辺勝幸,わたなべかつゆき,自由民主党,宮城2,
衆議院,渡辺孝一,わたなべこういち,自由民主党,（比）北海道,
衆議院,渡辺真太朗,わたなべしんたろう,無所属,栃木3,
衆議院,渡辺創,わたなべそう,中道改革連合,宮崎1,
衆議院,渡辺博道,わたなべひろみち,自由民主党,千葉6,
参議院,青木愛,あおきあい,立憲民主党,比例,https://www.sangiin.go.jp/japanese/joho1/kousei/giin/photo/g7007006.jpg
参議院,青木一彦,あおきかずひこ,自由民主党,鳥取・島根,https://www.sangiin.go.jp/japanese/joho1/kousei/giin/photo/g7010001.jpg
参議院,青島健太,あおしまけんた,日本維新の会,比例,https://www.sangiin.go.jp/japanese/joho1/kousei/giin/photo/g7022002.jpg
参議院,赤松健,あかまつけん,自由民主党,比例,https://www.sangiin.go.jp/japanese/joho1/kousei/giin/photo/g7022003.jpg
参議院,秋野公造,あきのこうぞう,公明党,福岡,https://www.sangiin.go.jp/japanese/joho1/kousei/giin/photo/g7010003.jpg
参議院,浅尾慶一郎,あさおけいいちろう,自由民主党,神奈川,https://www.sangiin.go.jp/japanese/joho1/kousei/giin/photo/g5998003.jpg
参議院,浅田均,あさだひとし,日本維新の会,大阪,https://www.sangiin.go.jp/japanese/joho1/kousei/giin/photo/g7016003.jpg
参議院,朝日健太郎,あさひけんたろう,自由民主党,東京,https://www.sangiin.go.jp/japanese/joho1/kousei/giin/photo/g7016004.jpg
参議院,阿達雅志,あだちまさし,自由民主党,比例,https://www.sangiin.go.jp/japanese/joho1/kousei/giin/photo/g7014002.jpg
参議院,足立康史,あだちやすし,立憲民主・無所属,比例,https://www.sangiin.go.jp/japanese/joho1/kousei/giin/photo/g7025002.jpg
参議院,安達悠司,あだちゆうじ,参政党,比例,https://www.sangiin.go.jp/japanese/joho1/kousei/giin/photo/g7025003.jpg
参議院,有村治子,ありむらはるこ,自由民主党,比例,https://www.sangiin.go.jp/japanese/joho1/kousei/giin/photo/g7001006.jpg
参議院,安藤裕,あんどうひろし,参政党,比例,https://www.sangiin.go.jp/japanese/joho1/kousei/giin/photo/g7025004.jpg
参議院,安野貴博,あんのたかひろ,みらいの風,比例,https://www.sangiin.go.jp/japanese/joho1/kousei/giin/photo/g7025005.jpg
参議院,生稲晃子,いくいなあきこ,自由民主党,東京,https://www.sangiin.go.jp/japanese/joho1/kousei/giin/photo/g7022004.jpg
参議院,石井準一,いしいじゅんいち,自由民主党,千葉,https://www.sangiin.go.jp/japanese/joho1/kousei/giin/photo/g7007007.jpg
参議院,石井浩郎,いしいひろお,自由民主党,秋田,https://www.sangiin.go.jp/japanese/joho1/kousei/giin/photo/g7010005.jpg
参議院,石井苗子,いしいみつこ,日本維新の会,比例,https://www.sangiin.go.jp/japanese/joho1/kousei/giin/photo/g7016009.jpg
参議院,石井めぐみ,いしいめぐみ,日本維新の会,比例,https://www.sangiin.go.jp/japanese/joho1/kousei/giin/photo/g7025045.jpg
参議院,石垣のりこ,いしがきのりこ,立憲民主党,宮城,https://www.sangiin.go.jp/japanese/joho1/kousei/giin/photo/g7019003.jpg
参議院,石川博崇,いしかわひろたか,公明党,大阪,https://www.sangiin.go.jp/japanese/joho1/kousei/giin/photo/g7010006.jpg
参議院,石田昌宏,いしだまさひろ,自由民主党,比例,https://www.sangiin.go.jp/japanese/joho1/kousei/giin/photo/g7013010.jpg
参議院,石橋通宏,いしばしみちひろ,立憲民主党,比例,https://www.sangiin.go.jp/japanese/joho1/kousei/giin/photo/g7010007.jpg
参議院,泉房穂,いずみふさほ,立憲民主党,兵庫,https://www.sangiin.go.jp/japanese/joho1/kousei/giin/photo/g7025007.jpg
参議院,伊勢崎賢治,いせざきけんじ,れいわ新選組,比例,https://www.sangiin.go.jp/japanese/joho1/kousei/giin/photo/g7025008.jpg
参議院,礒崎哲史,いそざきてつじ,立憲民主・無所属,比例,https://www.sangiin.go.jp/japanese/joho1/kousei/giin/photo/g7013011.jpg
参議院,磯崎仁彦,いそざきよしひこ,自由民主党,香川,https://www.sangiin.go.jp/japanese/joho1/kousei/giin/photo/g7010008.jpg
参議院,伊藤孝江,いとうたかえ,公明党,兵庫,https://www.sangiin.go.jp/japanese/joho1/kousei/giin/photo/g7016005.jpg
参議院,伊藤孝恵,いとうたかえ,立憲民主・無所属,愛知,https://www.sangiin.go.jp/japanese/joho1/kousei/giin/photo/g7016006.jpg
参議院,伊藤辰夫,いとうたつお,立憲民主・無所属,比例,https://www.sangiin.go.jp/japanese/joho1/kousei/giin/photo/g7025009.jpg
参議院,井上義行,いのうえよしゆき,自由民主党,比例,https://www.sangiin.go.jp/japanese/joho1/kousei/giin/photo/g7013006.jpg
参議院,猪口邦子,いのぐちくにこ,自由民主党,千葉,https://www.sangiin.go.jp/japanese/joho1/kousei/giin/photo/g7010009.jpg
参議院,猪瀬直樹,いのせなおき,日本維新の会,比例,https://www.sangiin.go.jp/japanese/joho1/kousei/giin/photo/g7022005.jpg
参議院,伊波洋一,いはよういち,沖縄の風,沖縄,https://www.sangiin.go.jp/japanese/joho1/kousei/giin/photo/g7016007.jpg
参議院,今井絵理子,いまいえりこ,自由民主党,比例,https://www.sangiin.go.jp/japanese/joho1/kousei/giin/photo/g7016010.jpg
参議院,岩渕友,いわぶちとも,日本共産党,比例,https://www.sangiin.go.jp/japanese/joho1/kousei/giin/photo/g7016011.jpg
参議院,岩本剛人,いわもとつよひと,自由民主党,北海道,https://www.sangiin.go.jp/japanese/joho1/kousei/giin/photo/g7019005.jpg
参議院,岩本麻奈,いわもとまな,参政党,比例,https://www.sangiin.go.jp/japanese/joho1/kousei/giin/photo/g7025038.jpg
参議院,いんどう周作,いんどうしゅうさく,自由民主党,比例,https://www.sangiin.go.jp/japanese/joho1/kousei/giin/photo/g7025010.jpg
参議院,上田勇,うえだいさむ,公明党,比例,https://www.sangiin.go.jp/japanese/joho1/kousei/giin/photo/g7022006.jpg
参議院,上田清司,うえだきよし,立憲民主・無所属,埼玉,https://www.sangiin.go.jp/japanese/joho1/kousei/giin/photo/g7019042.jpg
参議院,上野ほたる,うえのほたる,日本維新の会,比例,https://www.sangiin.go.jp/japanese/joho1/kousei/giin/photo/g7025064.jpg
参議院,上野通子,うえのみちこ,自由民主党,栃木,https://www.sangiin.go.jp/japanese/joho1/kousei/giin/photo/g7010013.jpg
参議院,牛田茉友,うしだまゆ,立憲民主・無所属,東京,https://www.sangiin.go.jp/japanese/joho1/kousei/giin/photo/g7025035.jpg
参議院,臼井正一,うすいしょういち,自由民主党,千葉,https://www.sangiin.go.jp/japanese/joho1/kousei/giin/photo/g7022007.jpg
参議院,打越さく良,うちこしさくら,立憲民主党,新潟,https://www.sangiin.go.jp/japanese/joho1/kousei/giin/photo/g7019006.jpg
参議院,梅村みずほ,うめむらみずほ,参政党,比例,https://www.sangiin.go.jp/japanese/joho1/kousei/giin/photo/g7019007.jpg
参議院,江島潔,えじまきよし,自由民主党,山口,https://www.sangiin.go.jp/japanese/joho1/kousei/giin/photo/g7013001.jpg
参議院,江原くみ子,えはらくみこ,立憲民主・無所属,埼玉,https://www.sangiin.go.jp/japanese/joho1/kousei/giin/photo/g7025011.jpg
参議院,大家敏志,おおいえさとし,自由民主党,福岡,https://www.sangiin.go.jp/japanese/joho1/kousei/giin/photo/g7010018.jpg
参議院,大島九州男,おおしまくすお,れいわ新選組,比例,https://www.sangiin.go.jp/japanese/joho1/kousei/giin/photo/g7007017.jpg
参議院,大津力,おおつつとむ,参政党,埼玉,https://www.sangiin.go.jp/japanese/joho1/kousei/giin/photo/g7025013.jpg
参議院,岡崎太,おかざきふとし,日本維新の会,大阪,https://www.sangiin.go.jp/japanese/joho1/kousei/giin/photo/g7025014.jpg
参議院,岡田直樹,おかだなおき,自由民主党,石川,https://www.sangiin.go.jp/japanese/joho1/kousei/giin/photo/g7004012.jpg
参議院,小川克巳,おがわかつみ,自由民主党,比例,https://www.sangiin.go.jp/japanese/joho1/kousei/giin/photo/g7016012.jpg
参議院,奥田ふみよ,おくだふみよ,れいわ新選組,比例,https://www.sangiin.go.jp/japanese/joho1/kousei/giin/photo/g7025012.jpg
参議院,奥村祥大,おくむらよしひろ,立憲民主・無所属,東京,https://www.sangiin.go.jp/japanese/joho1/kousei/giin/photo/g7025015.jpg
参議院,小沢雅仁,おざわまさひと,立憲民主党,比例,https://www.sangiin.go.jp/japanese/joho1/kousei/giin/photo/g7019008.jpg
参議院,越智俊之,おちとしゆき,自由民主党,比例,https://www.sangiin.go.jp/japanese/joho1/kousei/giin/photo/g7022008.jpg
参議院,尾辻朋実,おつじともみ,みらいの風,鹿児島,https://www.sangiin.go.jp/japanese/joho1/kousei/giin/photo/g7025032.jpg
参議院,鬼木誠,おにきまこと,立憲民主党,比例,https://www.sangiin.go.jp/japanese/joho1/kousei/giin/photo/g7022009.jpg
参議院,小野田紀美,おのだきみ,自由民主党,岡山,https://www.sangiin.go.jp/japanese/joho1/kousei/giin/photo/g7016013.jpg
参議院,かごしま彰宏,かごしまあきひろ,立憲民主・無所属,神奈川,https://www.sangiin.go.jp/japanese/joho1/kousei/giin/photo/g7025016.jpg
参議院,梶原大介,かじはらだいすけ,自由民主党,比例,https://www.sangiin.go.jp/japanese/joho1/kousei/giin/photo/g7022012.jpg
参議院,加田裕之,かだひろゆき,自由民主党,兵庫,https://www.sangiin.go.jp/japanese/joho1/kousei/giin/photo/g7019011.jpg
参議院,嘉田由紀子,かだゆきこ,日本維新の会,比例,https://www.sangiin.go.jp/japanese/joho1/kousei/giin/photo/g7019012.jpg
参議院,片山さつき,かたやまさつき,自由民主党,比例,https://www.sangiin.go.jp/japanese/joho1/kousei/giin/photo/g7010020.jpg
参議院,片山大介,かたやまだいすけ,日本維新の会,兵庫,https://www.sangiin.go.jp/japanese/joho1/kousei/giin/photo/g7016014.jpg
参議院,勝部賢志,かつべけんじ,立憲民主党,北海道,https://www.sangiin.go.jp/japanese/joho1/kousei/giin/photo/g7019013.jpg
参議院,加藤明良,かとうあきよし,自由民主党,茨城,https://www.sangiin.go.jp/japanese/joho1/kousei/giin/photo/g7022010.jpg
参議院,金子道仁,かねこみちひと,日本維新の会,比例,https://www.sangiin.go.jp/japanese/joho1/kousei/giin/photo/g7022013.jpg
参議院,かまやち敏,かまやちさとし,自由民主党,比例,https://www.sangiin.go.jp/japanese/joho1/kousei/giin/photo/g7025017.jpg
参議院,神谷宗幣,かみやそうへい,参政党,比例,https://www.sangiin.go.jp/japanese/joho1/kousei/giin/photo/g7022014.jpg
参議院,神谷政幸,かみやまさゆき,自由民主党,比例,https://www.sangiin.go.jp/japanese/joho1/kousei/giin/photo/g7022015.jpg
参議院,川合孝典,かわいたかのり,立憲民主・無所属,比例,https://www.sangiin.go.jp/japanese/joho1/kousei/giin/photo/g7007022.jpg
参議院,川村雄大,かわむらゆうだい,公明党,東京,https://www.sangiin.go.jp/japanese/joho1/kousei/giin/photo/g7025018.jpg
参議院,岸真紀子,きしまきこ,立憲民主党,比例,https://www.sangiin.go.jp/japanese/joho1/kousei/giin/photo/g7019016.jpg
参議院,北村経夫,きたむらつねお,自由民主党,山口,https://www.sangiin.go.jp/japanese/joho1/kousei/giin/photo/g7013019.jpg
参議院,北村晴男,きたむらはるお,日本保守党,比例,https://www.sangiin.go.jp/japanese/joho1/kousei/giin/photo/g7025020.jpg
参議院,木戸口英司,きどぐちえいじ,立憲民主党,岩手,https://www.sangiin.go.jp/japanese/joho1/kousei/giin/photo/g7016015.jpg
参議院,木村英子,きむらえいこ,れいわ新選組,比例,https://www.sangiin.go.jp/japanese/joho1/kousei/giin/photo/g7019015.jpg
参議院,木村義雄,きむらよしお,自由民主党,比例,https://www.sangiin.go.jp/japanese/joho1/kousei/giin/photo/g7013016.jpg
参議院,吉良よし子,きらよしこ,日本共産党,東京,https://www.sangiin.go.jp/japanese/joho1/kousei/giin/photo/g7013017.jpg
参議院,串田誠一,くしだせいいち,日本維新の会,比例,https://www.sangiin.go.jp/japanese/joho1/kousei/giin/photo/g7022016.jpg
参議院,窪田哲也,くぼたてつや,公明党,比例,https://www.sangiin.go.jp/japanese/joho1/kousei/giin/photo/g7022017.jpg
参議院,熊谷裕人,くまがいひろと,立憲民主党,埼玉,https://www.sangiin.go.jp/japanese/joho1/kousei/giin/photo/g7019017.jpg
参議院,見坂茂範,けんざかしげのり,自由民主党,比例,https://www.sangiin.go.jp/japanese/joho1/kousei/giin/photo/g7025021.jpg
参議院,小池晃,こいけあきら,日本共産党,比例,https://www.sangiin.go.jp/japanese/joho1/kousei/giin/photo/g5998022.jpg
参議院,上月良祐,こうづきりょうすけ,自由民主党,茨城,https://www.sangiin.go.jp/japanese/joho1/kousei/giin/photo/g7013022.jpg
参議院,郡山りょう,こおりやまりょう,立憲民主党,比例,https://www.sangiin.go.jp/japanese/joho1/kousei/giin/photo/g7025022.jpg
参議院,古賀千景,こがちかげ,立憲民主党,比例,https://www.sangiin.go.jp/japanese/joho1/kousei/giin/photo/g7022019.jpg
参議院,古賀友一郎,こがゆういちろう,自由民主党,長崎,https://www.sangiin.go.jp/japanese/joho1/kousei/giin/photo/g7013021.jpg
参議院,古賀之士,こがゆきひと,立憲民主党,福岡,https://www.sangiin.go.jp/japanese/joho1/kousei/giin/photo/g7016018.jpg
参議院,小島とも子,こじまともこ,立憲民主党,三重,https://www.sangiin.go.jp/japanese/joho1/kousei/giin/photo/g7025023.jpg
参議院,古庄玄知,こしょうはるとも,自由民主党,大分,https://www.sangiin.go.jp/japanese/joho1/kousei/giin/photo/g7022020.jpg
参議院,後藤翔太,ごとうしょうた,参政党,比例,https://www.sangiin.go.jp/japanese/joho1/kousei/giin/photo/g7025024.jpg
参議院,後藤斎,ごとうひとし,立憲民主・無所属,山梨,https://www.sangiin.go.jp/japanese/joho1/kousei/giin/photo/g7025025.jpg
参議院,小西洋之,こにしひろゆき,立憲民主党,千葉,https://www.sangiin.go.jp/japanese/joho1/kousei/giin/photo/g7010024.jpg
参議院,小林一大,こばやしかずひろ,自由民主党,新潟,https://www.sangiin.go.jp/japanese/joho1/kousei/giin/photo/g7022018.jpg
参議院,小林孝一郎,こばやしこういちろう,自由民主党,岡山,https://www.sangiin.go.jp/japanese/joho1/kousei/giin/photo/g7025026.jpg
参議院,小林さやか,こばやしさやか,立憲民主・無所属,千葉,https://www.sangiin.go.jp/japanese/joho1/kousei/giin/photo/g7025041.jpg
参議院,こやり隆史,こやりたかし,自由民主党,滋賀,https://www.sangiin.go.jp/japanese/joho1/kousei/giin/photo/g7016017.jpg
参議院,齊藤健一郎,さいとうけんいちろう,無所属,比例,https://www.sangiin.go.jp/japanese/joho1/kousei/giin/photo/g7023002.jpg
参議院,斎藤嘉隆,さいとうよしたか,立憲民主党,愛知,https://www.sangiin.go.jp/japanese/joho1/kousei/giin/photo/g7010027.jpg
参議院,酒井庸行,さかいやすゆき,自由民主党,愛知,https://www.sangiin.go.jp/japanese/joho1/kousei/giin/photo/g7013024.jpg
参議院,櫻井祥子,さくらいしょうこ,参政党,茨城,https://www.sangiin.go.jp/japanese/joho1/kousei/giin/photo/g7025028.jpg
参議院,櫻井充,さくらいみつる,自由民主党,宮城,https://www.sangiin.go.jp/japanese/joho1/kousei/giin/photo/g5998030.jpg
参議院,佐々木雅文,ささきまさふみ,公明党,比例,https://www.sangiin.go.jp/japanese/joho1/kousei/giin/photo/g7025029.jpg
参議院,佐々木りえ,ささきりえ,日本維新の会,大阪,https://www.sangiin.go.jp/japanese/joho1/kousei/giin/photo/g7025040.jpg
参議院,佐藤啓,さとうけい,自由民主党,奈良,https://www.sangiin.go.jp/japanese/joho1/kousei/giin/photo/g7016019.jpg
参議院,里見隆治,さとみりゅうじ,公明党,愛知,https://www.sangiin.go.jp/japanese/joho1/kousei/giin/photo/g7016020.jpg
参議院,塩入清香,しおいりさやか,参政党,東京,https://www.sangiin.go.jp/japanese/joho1/kousei/giin/photo/g7025030.jpg
参議院,塩村あやか,しおむらあやか,立憲民主党,東京,https://www.sangiin.go.jp/japanese/joho1/kousei/giin/photo/g7019020.jpg
参議院,柴愼一,しばしんいち,立憲民主党,比例,https://www.sangiin.go.jp/japanese/joho1/kousei/giin/photo/g7022021.jpg
参議院,柴田巧,しばたたくみ,日本維新の会,比例,https://www.sangiin.go.jp/japanese/joho1/kousei/giin/photo/g7010029.jpg
参議院,自見はなこ,じみはなこ,自由民主党,比例,https://www.sangiin.go.jp/japanese/joho1/kousei/giin/photo/g7016021.jpg
参議院,清水真人,しみずまさと,自由民主党,群馬,https://www.sangiin.go.jp/japanese/joho1/kousei/giin/photo/g7019018.jpg
参議院,下野六太,しものろくた,公明党,福岡,https://www.sangiin.go.jp/japanese/joho1/kousei/giin/photo/g7019021.jpg
参議院,白川容子,しらかわようこ,日本共産党,比例,https://www.sangiin.go.jp/japanese/joho1/kousei/giin/photo/g7025031.jpg
参議院,進藤金日子,しんどうかねひこ,自由民主党,比例,https://www.sangiin.go.jp/japanese/joho1/kousei/giin/photo/g7016022.jpg
参議院,榛葉賀津也,しんばかづや,立憲民主・無所属,静岡,https://www.sangiin.go.jp/japanese/joho1/kousei/giin/photo/g7001027.jpg
参議院,末松信介,すえまつしんすけ,自由民主党,兵庫,https://www.sangiin.go.jp/japanese/joho1/kousei/giin/photo/g7004033.jpg
参議院,杉久武,すぎひさたけ,公明党,大阪,https://www.sangiin.go.jp/japanese/joho1/kousei/giin/photo/g7013028.jpg
参議院,杉尾秀哉,すぎおひでや,立憲民主党,長野,https://www.sangiin.go.jp/japanese/joho1/kousei/giin/photo/g7016023.jpg
参議院,杉本純子,すぎもとじゅんこ,参政党,愛知,https://www.sangiin.go.jp/japanese/joho1/kousei/giin/photo/g7025033.jpg
参議院,鈴木大地,すずきだいち,自由民主党,東京,https://www.sangiin.go.jp/japanese/joho1/kousei/giin/photo/g7025034.jpg
参議院,鈴木宗男,すずきむねお,自由民主党,比例,https://www.sangiin.go.jp/japanese/joho1/kousei/giin/photo/g7019023.jpg
参議院,石平,せきへい,日本維新の会,比例,https://www.sangiin.go.jp/japanese/joho1/kousei/giin/photo/g7025019.jpg
参議院,関口昌一,せきぐちまさかず,無所属,埼玉,https://www.sangiin.go.jp/japanese/joho1/kousei/giin/photo/g7003005.jpg
参議院,大門実紀史,だいもんみきし,日本共産党,比例,https://www.sangiin.go.jp/japanese/joho1/kousei/giin/photo/g7001001.jpg
参議院,高木かおり,たかぎかおり,日本維新の会,大阪,https://www.sangiin.go.jp/japanese/joho1/kousei/giin/photo/g7016026.jpg
参議院,高木真理,たかぎまり,立憲民主党,埼玉,https://www.sangiin.go.jp/japanese/joho1/kousei/giin/photo/g7022023.jpg
参議院,高橋克法,たかはしかつのり,自由民主党,栃木,https://www.sangiin.go.jp/japanese/joho1/kousei/giin/photo/g7013030.jpg
参議院,高橋はるみ,たかはしはるみ,自由民主党,北海道,https://www.sangiin.go.jp/japanese/joho1/kousei/giin/photo/g7019026.jpg
参議院,高橋光男,たかはしみつお,公明党,兵庫,https://www.sangiin.go.jp/japanese/joho1/kousei/giin/photo/g7019027.jpg
参議院,高良沙哉,たからさちか,沖縄の風,沖縄,https://www.sangiin.go.jp/japanese/joho1/kousei/giin/photo/g7025027.jpg
参議院,滝波宏文,たきなみひろふみ,自由民主党,福井,https://www.sangiin.go.jp/japanese/joho1/kousei/giin/photo/g7013032.jpg
参議院,竹内真二,たけうちしんじ,公明党,比例,https://www.sangiin.go.jp/japanese/joho1/kousei/giin/photo/g7017001.jpg
参議院,竹詰仁,たけづめひとし,立憲民主・無所属,比例,https://www.sangiin.go.jp/japanese/joho1/kousei/giin/photo/g7022024.jpg
参議院,竹谷とし子,たけやとしこ,公明党,東京,https://www.sangiin.go.jp/japanese/joho1/kousei/giin/photo/g7010033.jpg
参議院,田島麻衣子,たじままいこ,立憲民主党,愛知,https://www.sangiin.go.jp/japanese/joho1/kousei/giin/photo/g7019024.jpg
参議院,田名部匡代,たなぶまさよ,立憲民主党,青森,https://www.sangiin.go.jp/japanese/joho1/kousei/giin/photo/g7016025.jpg
参議院,谷合正明,たにあいまさあき,公明党,比例,https://www.sangiin.go.jp/japanese/joho1/kousei/giin/photo/g7004036.jpg
参議院,田村まみ,たむらまみ,立憲民主・無所属,比例,https://www.sangiin.go.jp/japanese/joho1/kousei/giin/photo/g7019025.jpg
参議院,司隆史,つかさたかし,公明党,比例,https://www.sangiin.go.jp/japanese/joho1/kousei/giin/photo/g7025036.jpg
参議院,辻元清美,つじもときよみ,立憲民主党,比例,https://www.sangiin.go.jp/japanese/joho1/kousei/giin/photo/g7022025.jpg
参議院,鶴保庸介,つるほようすけ,自由民主党,和歌山,https://www.sangiin.go.jp/japanese/joho1/kousei/giin/photo/g5998036.jpg
参議院,出川桃子,でがわももこ,自由民主党,鳥取・島根,https://www.sangiin.go.jp/japanese/joho1/kousei/giin/photo/g7025037.jpg
参議院,寺田静,てらたしずか,自由民主党,秋田,https://www.sangiin.go.jp/japanese/joho1/kousei/giin/photo/g7019030.jpg
参議院,天畠大輔,てんばただいすけ,れいわ新選組,比例,https://www.sangiin.go.jp/japanese/joho1/kousei/giin/photo/g7022026.jpg
参議院,堂込麻紀子,どうごみまきこ,立憲民主・無所属,茨城,https://www.sangiin.go.jp/japanese/joho1/kousei/giin/photo/g7022027.jpg
参議院,徳永エリ,とくながえり,立憲民主党,北海道,https://www.sangiin.go.jp/japanese/joho1/kousei/giin/photo/g7010036.jpg
参議院,友納理緒,とものうりお,自由民主党,比例,https://www.sangiin.go.jp/japanese/joho1/kousei/giin/photo/g7022028.jpg
参議院,永井学,ながいまなぶ,自由民主党,山梨,https://www.sangiin.go.jp/japanese/joho1/kousei/giin/photo/g7022030.jpg
参議院,ながえ孝子,ながえたかこ,無所属,愛媛,https://www.sangiin.go.jp/japanese/joho1/kousei/giin/photo/g7019031.jpg
参議院,中条きよし,なかじょうきよし,日本維新の会,比例,https://www.sangiin.go.jp/japanese/joho1/kousei/giin/photo/g7022029.jpg
参議院,中曽根弘文,なかそねひろふみ,自由民主党,群馬,https://www.sangiin.go.jp/japanese/joho1/kousei/giin/photo/g5986024.jpg
参議院,中田優子,なかだゆうこ,参政党,福岡,https://www.sangiin.go.jp/japanese/joho1/kousei/giin/photo/g7025039.jpg
参議院,中西祐介,なかにしゆうすけ,自由民主党,徳島・高知,https://www.sangiin.go.jp/japanese/joho1/kousei/giin/photo/g7010038.jpg
参議院,長浜博行,ながはまひろゆき,立憲民主党,千葉,https://www.sangiin.go.jp/japanese/joho1/kousei/giin/photo/g7007041.jpg
参議院,新実彰平,にいみしょうへい,日本維新の会,京都,https://www.sangiin.go.jp/japanese/joho1/kousei/giin/photo/g7025042.jpg
参議院,西田昌司,にしだしょうじ,自由民主党,京都,https://www.sangiin.go.jp/japanese/joho1/kousei/giin/photo/g7007044.jpg
参議院,西田英範,にしたひでのり,自由民主党,広島,https://www.sangiin.go.jp/japanese/joho1/kousei/giin/photo/g7025043.jpg
参議院,西田実仁,にしだまこと,公明党,埼玉,https://www.sangiin.go.jp/japanese/joho1/kousei/giin/photo/g7004043.jpg
参議院,仁比聡平,にひそうへい,日本共産党,比例,https://www.sangiin.go.jp/japanese/joho1/kousei/giin/photo/g7004045.jpg
参議院,庭田幸恵,にわたゆきえ,立憲民主・無所属,富山,https://www.sangiin.go.jp/japanese/joho1/kousei/giin/photo/g7025044.jpg
参議院,野上浩太郎,のがみこうたろう,自由民主党,富山,https://www.sangiin.go.jp/japanese/joho1/kousei/giin/photo/g7001037.jpg
参議院,野村哲郎,のむらてつろう,自由民主党,鹿児島,https://www.sangiin.go.jp/japanese/joho1/kousei/giin/photo/g7004046.jpg
参議院,芳賀道也,はがみちや,立憲民主・無所属,山形,https://www.sangiin.go.jp/japanese/joho1/kousei/giin/photo/g7019032.jpg
参議院,初鹿野裕樹,はじかのひろき,参政党,神奈川,https://www.sangiin.go.jp/japanese/joho1/kousei/giin/photo/g7025046.jpg
参議院,橋本聖子,はしもとせいこ,自由民主党,比例,https://www.sangiin.go.jp/japanese/joho1/kousei/giin/photo/g5995054.jpg
参議院,長谷川岳,はせがわがく,自由民主党,北海道,https://www.sangiin.go.jp/japanese/joho1/kousei/giin/photo/g7010043.jpg
参議院,長谷川英晴,はせがわひではる,自由民主党,比例,https://www.sangiin.go.jp/japanese/joho1/kousei/giin/photo/g7022031.jpg
参議院,羽田次郎,はたじろう,立憲民主党,長野,https://www.sangiin.go.jp/japanese/joho1/kousei/giin/photo/g7021002.jpg
参議院,馬場成志,ばばせいし,自由民主党,熊本,https://www.sangiin.go.jp/japanese/joho1/kousei/giin/photo/g7013044.jpg
参議院,浜口誠,はまぐちまこと,立憲民主・無所属,比例,https://www.sangiin.go.jp/japanese/joho1/kousei/giin/photo/g7016032.jpg
参議院,浜野喜史,はまのよしふみ,立憲民主・無所属,比例,https://www.sangiin.go.jp/japanese/joho1/kousei/giin/photo/g7013045.jpg
参議院,原田大二郎,はらだだいじろう,公明党,比例,https://www.sangiin.go.jp/japanese/joho1/kousei/giin/photo/g7025047.jpg
参議院,原田秀一,はらだひでかず,立憲民主・無所属,香川,https://www.sangiin.go.jp/japanese/joho1/kousei/giin/photo/g7025048.jpg
参議院,東野秀樹,ひがしのひでき,自由民主党,比例,https://www.sangiin.go.jp/japanese/joho1/kousei/giin/photo/g7025049.jpg
参議院,百田尚樹,ひゃくたなおき,日本保守党,比例,https://www.sangiin.go.jp/japanese/joho1/kousei/giin/photo/g7025050.jpg
参議院,平木大作,ひらきだいさく,公明党,比例,https://www.sangiin.go.jp/japanese/joho1/kousei/giin/photo/g7013046.jpg
参議院,平戸航太,ひらどこうた,立憲民主・無所属,比例,https://www.sangiin.go.jp/japanese/joho1/kousei/giin/photo/g7025051.jpg
参議院,平山佐知子,ひらやまさちこ,無所属,静岡,https://www.sangiin.go.jp/japanese/joho1/kousei/giin/photo/g7016033.jpg
参議院,広田一,ひろたはじめ,立憲民主党,徳島・高知,https://www.sangiin.go.jp/japanese/joho1/kousei/giin/photo/g7004050.jpg
参議院,福岡資麿,ふくおかたかまろ,自由民主党,佐賀,https://www.sangiin.go.jp/japanese/joho1/kousei/giin/photo/g7010045.jpg
参議院,福士珠美,ふくしますみ,立憲民主党,青森,https://www.sangiin.go.jp/japanese/joho1/kousei/giin/photo/g7025052.jpg
参議院,福島みずほ,ふくしまみずほ,社会民主党,比例,https://www.sangiin.go.jp/japanese/joho1/kousei/giin/photo/g5998049.jpg
参議院,福山哲郎,ふくやまてつろう,無所属,京都,https://www.sangiin.go.jp/japanese/joho1/kousei/giin/photo/g5998050.jpg
参議院,福山守,ふくやままもる,自由民主党,比例,https://www.sangiin.go.jp/japanese/joho1/kousei/giin/photo/g7025053.jpg
参議院,藤井一博,ふじいかずひろ,自由民主党,比例,https://www.sangiin.go.jp/japanese/joho1/kousei/giin/photo/g7022033.jpg
参議院,藤川政人,ふじかわまさひと,自由民主党,愛知,https://www.sangiin.go.jp/japanese/joho1/kousei/giin/photo/g7010046.jpg
参議院,藤木眞也,ふじきしんや,自由民主党,比例,https://www.sangiin.go.jp/japanese/joho1/kousei/giin/photo/g7016034.jpg
参議院,船橋利実,ふなはしとしみつ,自由民主党,北海道,https://www.sangiin.go.jp/japanese/joho1/kousei/giin/photo/g7022034.jpg
参議院,舟山康江,ふなやまやすえ,立憲民主・無所属,山形,https://www.sangiin.go.jp/japanese/joho1/kousei/giin/photo/g7007052.jpg
参議院,古川俊治,ふるかわとしはる,自由民主党,埼玉,https://www.sangiin.go.jp/japanese/joho1/kousei/giin/photo/g7007053.jpg
参議院,星北斗,ほしほくと,自由民主党,福島,https://www.sangiin.go.jp/japanese/joho1/kousei/giin/photo/g7022035.jpg
参議院,堀井巌,ほりいいわお,自由民主党,奈良,https://www.sangiin.go.jp/japanese/joho1/kousei/giin/photo/g7013048.jpg
参議院,本田顕子,ほんだあきこ,自由民主党,比例,https://www.sangiin.go.jp/japanese/joho1/kousei/giin/photo/g7019034.jpg
参議院,舞立昇治,まいたちしょうじ,自由民主党,比例,https://www.sangiin.go.jp/japanese/joho1/kousei/giin/photo/g7013049.jpg
参議院,牧野たかお,まきのたかお,自由民主党,静岡,https://www.sangiin.go.jp/japanese/joho1/kousei/giin/photo/g7007054.jpg
参議院,牧山ひろえ,まきやまひろえ,立憲民主党,神奈川,https://www.sangiin.go.jp/japanese/joho1/kousei/giin/photo/g7007055.jpg
参議院,松川るい,まつかわるい,自由民主党,大阪,https://www.sangiin.go.jp/japanese/joho1/kousei/giin/photo/g7016035.jpg
参議院,松沢成文,まつざわしげふみ,日本維新の会,神奈川,https://www.sangiin.go.jp/japanese/joho1/kousei/giin/photo/g7013050.jpg
参議院,松下新平,まつしたしんぺい,自由民主党,宮崎,https://www.sangiin.go.jp/japanese/joho1/kousei/giin/photo/g7004056.jpg
参議院,松田学,まつだまなぶ,参政党,比例,https://www.sangiin.go.jp/japanese/joho1/kousei/giin/photo/g7025054.jpg
参議院,松野明美,まつのあけみ,日本維新の会,比例,https://www.sangiin.go.jp/japanese/joho1/kousei/giin/photo/g7022036.jpg
参議院,松村祥史,まつむらよしふみ,自由民主党,熊本,https://www.sangiin.go.jp/japanese/joho1/kousei/giin/photo/g7004057.jpg
参議院,松山政司,まつやままさじ,自由民主党,福岡,https://www.sangiin.go.jp/japanese/joho1/kousei/giin/photo/g7001046.jpg
参議院,三浦信祐,みうらのぶひろ,公明党,神奈川,https://www.sangiin.go.jp/japanese/joho1/kousei/giin/photo/g7016036.jpg
参議院,三上えり,みかみえり,立憲民主党,広島,https://www.sangiin.go.jp/japanese/joho1/kousei/giin/photo/g7022037.jpg
参議院,水岡俊一,みずおかしゅんいち,立憲民主党,比例,https://www.sangiin.go.jp/japanese/joho1/kousei/giin/photo/g7004058.jpg
参議院,水野孝一,みずのこういち,立憲民主・無所属,愛知,https://www.sangiin.go.jp/japanese/joho1/kousei/giin/photo/g7025055.jpg
参議院,三原じゅん子,みはらじゅんこ,自由民主党,神奈川,https://www.sangiin.go.jp/japanese/joho1/kousei/giin/photo/g7010048.jpg
参議院,宮崎勝,みやざきまさる,公明党,比例,https://www.sangiin.go.jp/japanese/joho1/kousei/giin/photo/g7016037.jpg
参議院,宮沢洋一,みやざわよういち,自由民主党,広島,https://www.sangiin.go.jp/japanese/joho1/kousei/giin/photo/g7010050.jpg
参議院,宮出千慧,みやでちさと,参政党,大阪,https://www.sangiin.go.jp/japanese/joho1/kousei/giin/photo/g7025056.jpg
参議院,宮本和宏,みやもとかずひろ,自由民主党,滋賀,https://www.sangiin.go.jp/japanese/joho1/kousei/giin/photo/g7025057.jpg
参議院,宮本周司,みやもとしゅうじ,自由民主党,石川,https://www.sangiin.go.jp/japanese/joho1/kousei/giin/photo/g7013053.jpg
参議院,村田享子,むらたきょうこ,立憲民主党,比例,https://www.sangiin.go.jp/japanese/joho1/kousei/giin/photo/g7022039.jpg
参議院,望月良男,もちづきよしお,無所属,和歌山,https://www.sangiin.go.jp/japanese/joho1/kousei/giin/photo/g7025058.jpg
参議院,森まさこ,もりまさこ,自由民主党,福島,https://www.sangiin.go.jp/japanese/joho1/kousei/giin/photo/g7007061.jpg
参議院,森ゆうこ,もりゆうこ,立憲民主党,比例,https://www.sangiin.go.jp/japanese/joho1/kousei/giin/photo/g7001047.jpg
参議院,森本真治,もりもとしんじ,立憲民主党,広島,https://www.sangiin.go.jp/japanese/joho1/kousei/giin/photo/g7013054.jpg
参議院,山内佳菜子,やまうちかなこ,立憲民主党,宮崎,https://www.sangiin.go.jp/japanese/joho1/kousei/giin/photo/g7025059.jpg
参議院,山崎正昭,やまざきまさあき,自由民主党,福井,https://www.sangiin.go.jp/japanese/joho1/kousei/giin/photo/g5992051.jpg
参議院,山下雄平,やましたゆうへい,自由民主党,佐賀,https://www.sangiin.go.jp/japanese/joho1/kousei/giin/photo/g7013060.jpg
参議院,山添拓,やまぞえたく,日本共産党,東京,https://www.sangiin.go.jp/japanese/joho1/kousei/giin/photo/g7016042.jpg
参議院,山田太郎,やまだたろう,自由民主党,比例,https://www.sangiin.go.jp/japanese/joho1/kousei/giin/photo/g7012005.jpg
参議院,山田宏,やまだひろし,自由民主党,比例,https://www.sangiin.go.jp/japanese/joho1/kousei/giin/photo/g7016043.jpg
参議院,山田吉彦,やまだよしひこ,立憲民主・無所属,比例,https://www.sangiin.go.jp/japanese/joho1/kousei/giin/photo/g7025060.jpg
参議院,山谷えり子,やまたにえりこ,自由民主党,比例,https://www.sangiin.go.jp/japanese/joho1/kousei/giin/photo/g7004013.jpg
参議院,山中泉,やまなかせん,参政党,比例,https://www.sangiin.go.jp/japanese/joho1/kousei/giin/photo/g7025061.jpg
参議院,山本啓介,やまもとけいすけ,自由民主党,長崎,https://www.sangiin.go.jp/japanese/joho1/kousei/giin/photo/g7022040.jpg
参議院,山本佐知子,やまもとさちこ,自由民主党,三重,https://www.sangiin.go.jp/japanese/joho1/kousei/giin/photo/g7022041.jpg
参議院,山本順三,やまもとじゅんぞう,自由民主党,愛媛,https://www.sangiin.go.jp/japanese/joho1/kousei/giin/photo/g7004062.jpg
参議院,横沢高徳,よこさわたかのり,立憲民主党,岩手,https://www.sangiin.go.jp/japanese/joho1/kousei/giin/photo/g7019040.jpg
参議院,横山信一,よこやましんいち,公明党,比例,https://www.sangiin.go.jp/japanese/joho1/kousei/giin/photo/g7010052.jpg
参議院,吉井章,よしいあきら,自由民主党,京都,https://www.sangiin.go.jp/japanese/joho1/kousei/giin/photo/g7022042.jpg
参議院,吉川沙織,よしかわさおり,立憲民主党,比例,https://www.sangiin.go.jp/japanese/joho1/kousei/giin/photo/g7007071.jpg
参議院,吉田忠智,よしだただとも,立憲民主党,大分,https://www.sangiin.go.jp/japanese/joho1/kousei/giin/photo/g7010053.jpg
参議院,ラサール石井,らさーるいしい,社会民主党,比例,https://www.sangiin.go.jp/japanese/joho1/kousei/giin/photo/g7025006.jpg
参議院,蓮舫,れんほう,立憲民主党,比例,https://www.sangiin.go.jp/japanese/joho1/kousei/giin/photo/g7004060.jpg
参議院,若井敦子,わかいあつこ,自由民主党,岐阜,https://www.sangiin.go.jp/japanese/joho1/kousei/giin/photo/g7025062.jpg
参議院,若林洋平,わかばやしようへい,自由民主党,静岡,https://www.sangiin.go.jp/japanese/joho1/kousei/giin/photo/g7022043.jpg
参議院,脇雅昭,わきまさあき,自由民主党,神奈川,https://www.sangiin.go.jp/japanese/joho1/kousei/giin/photo/g7025063.jpg
参議院,渡辺猛之,わたなべたけゆき,自由民主党,岐阜,https://www.sangiin.go.jp/japanese/joho1/kousei/giin/photo/g7010055.jpg